Turnip	-0.111214168	0.1529896	-0.108192816	0.03701111	0.9122093	0.118398614	0.390494734	0.5235272
Carrot	-0.166941985	0.09851749	0.09817103	-0.00507911434	0.420783252	-0.0398803353	0.906269968	0.6429245
Carrot	0.0318421833	0.0988999754	-0.117108621	0.08823983	0.917395532	0.0137301777	0.3878283	0.582711
Acorn	0.162888467	0.162868068	-0.0823623538	-0.09877719	0.172192082	0.05439074	-0.9785881	0.24830924
Turnip	-0.457425267	0.155512139	0.01655073	0.03957524	0.7821745	-0.07972792	-0.616668761	0.488906056
Raspberry	0.07260809	0.152715087	-0.07558341	-0.0278698225	0.520761967	-0.0917274058	-0.848302066	0.430293918
Turnip	0.482257128	0.153033987	0.0148392674	0.07381938	0.3054662	0.015712738	0.9492072	0.510924339
Carrot	0.234065115	0.0985199362	-0.0399175063	-0.0296471566	0.8994575	0.01869983	-0.4356002	0.674149752
Acorn	0.396194845	0.162542567	-0.0785564	-0.004408419	0.540643	0.07935955	-0.837488949	0.263125479
Carrot	0.02376742	0.11880134	0.00551003	-0.02506129	0.8534228	0.09007327	-0.5127653	0.6405261
Turnip	0.009217188	0.157755658	0.08404149	0.06253789	0.6911134	-0.04979351	-0.7183119	0.454845816
Raspberry	0.241000146	0.164157957	-0.109310351	0.08769891	0.358768165	0.07415204	0.9263346	0.4469213
Turnip	-0.293746829	0.177982837	0.0543560721	-0.09078197	0.6380148	0.0339675471	0.7638992	0.443460077
Carrot	-0.454030246	0.152362376	-0.103914618	0.0303921513	0.8016358	0.0504338071	-0.5949058	0.680430233
Acorn	-0.485189885	0.16633372	-0.0652549341	0.0274892822	0.993458	0.008226666	0.110534713	0.239283711
Turnip	-0.09659838	0.170569181	0.069959946	-0.05436357	0.9357016	0.103938259	-0.3327221	0.44653517
Raspberry	0.274323285	0.1588088	0.08846616	-0.110685378	0.6188575	0.0201285928	0.777405262	0.474147528
Carrot	0.0361241139	0.145300359	0.0202551559	-0.04628532	0.585342646	0.0323922969	-0.8088155	0.5805836
Carrot	0.4698721	0.1510725	-0.108378381	-0.0535750724	0.839021	-0.07914104	0.535639942	0.5686842
Carrot	0.482769072	0.190498888	0.0761123747	-0.06372753	0.67304796	-0.0436113924	0.7355564	0.5676889
Carrot	0.0537455119	0.197821468	0.0317319781	-0.0146055557	0.5800229	0.06267114	-0.8120545	0.5765992
Carrot	-0.10468372	0.15903008	-0.008598632	-0.08234649	0.635244131	0.06697022	-0.764983	0.616543531
Carrot	-0.110559873	0.185734883	0.0714154541	0.0186812039	0.41731298	0.0507613458	0.9071517	0.5679801
Turnip	0.4939349	0.200514361	-0.09600028	-0.037912596	0.800073445	0.0611470826	0.595572233	0.4887326
Carrot	0.207105547	0.1600045	0.04872109	0.06828526	0.8067489	-0.06857282	0.582915962	0.60323745
Carrot	0.150393263	0.225910544	-0.09708893	-0.09813527	0.921791255	0.0249461923	0.374229848	0.632316351
Turnip	-0.369254768	0.236956254	-0.02048101	-0.03590891	0.99404633	0.0933048	-0.04332037	0.441735446
Carrot	0.463898867	0.208147779	-0.0899641141	-0.08127169	0.8394614	-0.03532645	0.5361451	0.622396946
Raspberry	-0.249901339	0.225849077	-0.0930447	0.03409911	0.7724146	-0.0255005136	-0.633689642	0.437981844
Turnip	-0.4799396	0.195026681	-0.117661089	-0.07839608	0.536314666	0.067379795	-0.8376638	0.427543759
Raspberry	0.0236622151	0.224596828	-0.0914323553	-0.036000248	0.8406588	-0.03822348	-0.5390137	0.413012236
Acorn	0.2367597	0.2552318	0.08257527	-0.07739306	0.954492331	0.00771317724	-0.2879153	0.242429554
Raspberry	-0.219478056	0.196628451	0.09114305	0.0333194248	0.8965488	-0.0468012132	-0.4392036	0.409162045
Acorn	0.414672732	0.279036283	0.0624114536	0.013579946	0.4098066	-0.111113794	0.905277848	0.263692349
Carrot	-0.5052214	0.210713968	0.07537535	-0.07780414	0.04557689	-0.0344958641	-0.9953287	0.5803204
Carrot	0.166307718	0.216673419	0.05096353	-0.07434059	0.8224112	-0.0684597939	0.55984515	0.6922014
Carrot	0.381114155	0.22368072	0.0302228723	-0.0138724819	0.851851344	-0.0539979935	0.520808041	0.579574347
Carrot	-0.2745847	0.207601562	0.06820374	-0.09804795	0.5792054	0.0419689752	-0.8081747	0.713879168
Carrot	0.1644241	0.222454056	-0.104742192	-0.008887102	0.9009256	-0.0652322546	-0.428951055	0.6474531
Raspberry	-0.460311741	0.225864813	0.0910543	0.0271021333	0.847701967	-0.0364743248	-0.528523	0.429813832
Turnip	-0.127676085	0.273987144	-0.0503952727	0.0971699	0.183794886	-0.0713826343	-0.9755419	0.436468333
Turnip	-0.33448267	0.272210926	0.0945032462	0.08504758	0.903967261	0.05635803	-0.4152516	0.465758115
Carrot	0.4207494	0.253894478	0.06283962	-0.0500524752	0.441634148	0.09082141	-0.891182065	0.65238595
Turnip	-0.248654053	0.278878629	-0.0343026854	0.115811288	0.418734133	0.01329812	0.9005958	0.49998948
Turnip	0.179375634	0.2697761	0.0391982	-0.00593587	0.6721842	0.03261484	-0.7396414	0.461586237
Carrot	0.0476089381	0.264492661	0.0922456756	0.003007227	0.107239425	-0.08225376	0.990820348	0.5720295
Turnip	-0.4079565	0.28462252	-0.104176834	-0.0429153927	0.3287198	-0.0909687653	0.9390561	0.521052659
Turnip	0.2634507	0.294040561	-0.119642466	-0.0336936936	0.9369035	-0.075043194	-0.339772224	0.440163255
Carrot	-0.4367774	0.2533628	0.0222935341	-0.00553709967	0.865003169	-0.0261262413	0.501055241	0.5913644
Carrot	0.352999777	0.2621265	-0.09905504	0.0222352613	0.7148526	-0.0260105878	-0.698437452	0.6448184
Carrot	0.03052665	0.279702157	0.06187002	-0.100521587	0.846082151	0.03161628	0.522533238	0.679231942
Raspberry	0.129720926	0.202416375	-0.106284231	-0.00179124484	0.768674552	-0.0160295311	0.639436662	0.4260653
Turnip	0.144112438	0.288644642	-0.0766698048	0.0428439565	0.359954059	-0.0443633348	-0.930929363	0.471392065
Carrot	0.138617367	0.295424074	0.0506075174	-0.09043925	0.874469	0.05411352	0.473493934	0.6098061
Carrot	-0.377709568	0.254496127	-0.00111733668	0.037569467	0.696153343	-0.01866469	0.7166664	0.6544112
Raspberry	0.454733938	0.3136247	0.1090561	-0.0372342765	0.426816523	0.0488706231	-0.9022488	0.397737
Carrot	0.04135577	0.284663022	-0.0277501345	0.110169962	0.8238733	0.0183678754	0.55566	0.5915959
Raspberry	-0.497934818	0.295211017	0.118736029	-0.115377404	0.427131474	0.0457004681	-0.8956329	0.456884325
Carrot	0.332335055	0.27823922	0.119872667	0.02222358	0.405598849	-0.0426372252	-0.9127857	0.6874273
Carrot	0.449503154	0.284148067	-0.06665214	0.0287025552	0.7688516	0.007523123	0.6387385	0.6236117
Carrot	0.36989	0.29110375	0.042689722	-0.06331822	0.851438046	0.04542845	0.518633246	0.648244143
